"ID објаве","ID налога","Account username","Име налога",Опис,"Трајање (у секундама)","Publish time","Стална веза","Тип објаве",Коментар,Датум,Прикази,Домет,Дељења,Праћења,Plays,Свиђања,"Број коментара",Чувања
18038007085514072,17841449769169171,site_for_night,"TEHNOLOGIJA | PROGRAMIRANJE | IT","👨‍💻 Tehnološke Zanimljivosti! 🌐 Spremite se da zaronite u fascinantan svet informacionih tehnologija! 🚀 
Od zadivljujućih izuma do najsavremenijih inovacija, tu sam da vam serviram neke najčudnije činjenice i nijinteresantnije detalje iz IT sveta💡
Pripremite se za virtuelno putovanje kao nikada do sada! 🌍✨ #EntuzijastaZaTehnologiju #FascinacijaIT #Programiranje #TehnološkeZanimljivosti #StanicaInovacija #kodiranje #informacione #informacionetehnologije 
#ciljevi #usluge #it #programer #digitalnimarketing #tehnologija #tehnologijazaživot #nauciprogramiranje #nauciprogramirati",0,"10/11/2023 04:10",https://www.instagram.com/p/CyQZx0EtlUm/,"IG carousel",,"Животни век",411,340,2,1,0,24,0,4
17991069779128648,17841449769169171,site_for_night,"TEHNOLOGIJA | PROGRAMIRANJE | IT","🔒👩‍💻 Kodiranje vs. Programiranje: Dve strane iste medalje! 🌍✨

Dobar dan, dragi moji! Danas sam odlučio da se malo igram sa Reels-om i pokažem vam jedno zanimljivo poređenje iz sveta tehnologije.
🎮⌨️ Siguran sam da se većina nas često pita šta je tačno razlika između kodiranja i programiranja - istinito pitanje koje često baca oblake sumnje.
Ali nema brige, sada će biti jasnije!💡

Kodiranje se može posmatrati kao pravljenje okvira, konstrukcija koje čine temelje nečega. Zamislite da gradite kuću - kodiranje bi bilo kao zidanje zidova ili postavljanje stubova.
To je pravljenje uputstava i nacrta koji će nam kasnije omogućiti kreiranje nečeg fenomenalnog. 💪🏠

S druge strane, programiranje je kao unutrašnje uređenje te kuće. Kada smo već postavili temelje, prelazimo na detalje koji će je učiniti posebnom i funkcionalnom.
To su funkcije i akcije koje uređuju procese, dajući finalan izgled i osećaj našem delu. 💡🎛

Kodiranje stvara osnovni okvir, a programiranje mu daje život i funkcionalnost. To je kao da gradimo kuću - bez zidova, nema ni prostora za osmišljanje unutrašnjosti.
Ali bez detalja i pažnje posvećene unutrašnjem uređenju, ostaje samo prazan prostor bez duše. 🏰💭

U našem svetu tehnologije, kodiranje je pisanja koda, pravljenja struktura i uputstava. Programiranje, s druge strane, obuhvata implementiranje logike, funkcionalnosti
 i akcija kako bismo tu strukturu pretvorili u nešto korisno i interaktivno. 📝💻

Da zaključim, kodiranje je temelj, osnova svakog projekta, dok programiranje pruža tu ""wow"" faktor i kreira magiju koja nas fascinira.
Jedno bez drugog ne može postojati, kao dve strane iste medalje. 🌟🔗

Nadam se da vam je ovo poređenje pomoglo da bolje shvatite razliku između kodiranja i programiranja.
 A sada, isprobajte sami! Kreirajte nešto neverovatno i pokažite svetu šta možete! 🚀

#KodiranjeVsProgramiranje #TehnoSvet #KreativnostNaDelu #SayItWithReels #Programiranje #Kodiranje",82,"10/11/2023 02:10",https://www.instagram.com/reel/CyQPybUtWAp/,"IG reel",,"Животни век",508,402,0,1,457,24,0,8
18270015904088501,17841449769169171,site_for_night,"TEHNOLOGIJA | PROGRAMIRANJE | IT","😲Pet neverovatnih web sajtova za koje bih voleo da sam ranije saznao! 😲

💻 Od korisnih alata do inspiracije, ovo su mesta na internetu koja bi mi dosta donela da sam ih ranije otkrio.

🕵️‍♂️ Swipe desno da otkrijete o čemu se radi!

1️⃣ Steve.ai
2️⃣ Repurpose.io
3️⃣ Videocreek
4️⃣ Pika.style
5️⃣ Kamua

Obećavam vam da će vam ovi sajtovi promeniti život na bolje! ✨

Koje web stranice su vas oduševile u poslednje vreme? Podelite ih sa mnom u komentarima. 👇
.
Zapratite @site_for_night da budete uvek korak ispred 📈
.
♥️ Ako Vam se svidja sadržaj, ostavite lajk kao znak podrške! (P.S. - Neće Vas ništa koštati 😉)
.
✍️ Komentarišite Vaša razmišljanja i ideje (Verujte mi, to stvara motivaciju💎)
.
📥 Sačuvajte trebaće Vam kasnije (Ili ćete zaboraviti 🙂)
.
👉➡️ Zaprati: @site_for_night
➡️👉 Zaprati: @site_for_night
👉➡️ Zaprati: @site_for_night
.
.
..
...
....
.....
#ai #programiranje #it #tehnologija #informacioneTehnologije #kodiranje #siteForNight #Učenje 
#WebSajtovi #website #top5 #programming #coding",0,"11/07/2023 05:11",https://www.instagram.com/p/CzWMdwuNyak/,"IG carousel",,"Животни век",1142,956,9,2,0,89,2,143
17944259858715650,17841449769169171,site_for_night,"TEHNOLOGIJA | PROGRAMIRANJE | IT","🌟 Imaš želju da počneš da se baviš programiranjem? 👩‍💻

💻 Ako da, onda je vreme da razmisliš o učenju programskih jezika! 🚀

🌐 Svet programiranja je kao čarobna kapija u beskrajne mogućnosti, gde samo tvoja maštovitost postavlja granice. Evo nekoliko programskih jezika koji će ti pomoći da otvoriš tu kapiju:

1️⃣ JavaScript: Ključan je za web development. Pomoći će ti da kreiraš interaktivne i dinamične web stranice.

2️⃣ Python: Ovaj jezik je poznat po svojoj jednostavnosti i svestranosti. Idealno za početnike i možeš ga koristiti za web development, data science, veštačku inteligenciju i još mnogo toga.

3️⃣ Ruby: Odličan izbor za brz razvoj web aplikacija, a Ruby on Rails je popularan framework za web development.

4️⃣ Go: Sa Go-om možeš graditi performantne i skalabilne aplikacije, i to čini ovaj jezik odličnim izborom za buduće projekte.

5️⃣ Java: Ovaj jezik je široko korišćen u razvoju mobilnih aplikacija, desktop aplikacija i za razvoj igara.

6️⃣ C/C++: Ako sanjaš o razvoju low-level aplikacija, operativnih sistema ili igara, ovi jezici su za tebe.

💡 S obzirom na tvoje ciljeve, odaberi pravi jezik i kreni na putovanje u digitalnom svetu. Učenje programiranja može ti doneti neverovatne prilike i otvoriti vrata ka raznim karijerama.

💪 Spreman/na si za ovu avanturu? Deli sa mnom u komentarima koji jezik te najviše privlači! 🚀
.
Zapratite @site_for_night da budete uvek korak ispred 📈
.
♥️ Ako Vam se svidja sadržaj, ostavite lajk kao znak podrške! (P.S. - Neće Vas ništa koštati 😉)
.
✍️ Komentarišite Vaša razmišljanja i ideje (Verujte mi, to stvara motivaciju💎)
.
📥 Sačuvajte trebaće Vam kasnije (Ili ćete zaboraviti 🙂)
.
👉➡️ Zaprati: @site_for_night
➡️👉 Zaprati: @site_for_night
👉➡️ Zaprati: @site_for_night
.
.
..
...
....
.....
#ai #programiranje #it #tehnologija #informacioneTehnologije #kodiranje #siteForNight #Učenje #RazvojVeština #zarada #zaradiOnline #zaradi #novac #monetizacija #golang #python #java #ruby #cpp #javascript",0,"11/02/2023 06:11",https://www.instagram.com/p/CzJTFYptMNY/,"IG carousel",,"Животни век",1241,1005,10,0,0,63,0,51
18023778466752941,17841449769169171,site_for_night,"TEHNOLOGIJA | PROGRAMIRANJE | IT","🌐💼 Put ka finansijskoj nezavisnosti!
💰 Na današnjem postu, delim sa vama nekoliko korisnih saveta o tome kako možete početi zarađivati na internetu. Od freelance poslova do online biznisa, svako može pronaći svoj put ka uspehu. 

🚀 Ostanite sa mnom jer ćemo u budućnosti istražiti nekoliko efikasnih strategija zajedno!
.
Zapratite @site_for_night da budete uvek korak ispred 📈
.
♥️ Ako Vam se svidja sadržaj, ostavite lajk kao znak podrške! (P.S. - Neće Vas ništa koštati 😉)
.
✍️ Komentarišite Vaša razmišljanja i ideje (Verujte mi, to stvara motivaciju💎)
.
📥 Sačuvajte trebaće Vam kasnije (Ili ćete zaboraviti 🙂)
.
👉➡️ Zaprati: @site_for_night
➡️👉 Zaprati: @site_for_night
👉➡️ Zaprati: @site_for_night
.
.
..
...
....
.....
#ai #programiranje #it #tehnologija #informacioneTehnologije #kodiranje #siteForNight #Učenje #RazvojVeština #zarada #zaradiOnline #zaradi #novac #monetizacija",0,"11/01/2023 10:11",https://www.instagram.com/p/CzHKNxANfBN/,"IG carousel",,"Животни век",1170,964,3,1,0,52,1,27
17866702593011172,17841449769169171,site_for_night,"TEHNOLOGIJA | PROGRAMIRANJE | IT","🚀 Učenje programiranja nikada nije bilo dostupnije! 
.
💻✨ Ovde su neki od najboljih sajtova koji vam pomažu da razvijete svoje programerske veštine.
.
🔥 Ne zaboravite da postavite svoje ciljeve i radite na njima svakodnevno. Programiranje je veština koja vam može otvoriti mnoga vrata! 💪✨
.
Koji sajtovi su vam najviše pomogli u učenju programiranja? Podelite svoje iskustvo u komentarima! 👇
.
Zapratite @site_for_night da budete uvek korak ispred 📈
.
♥️ Ako Vam se svidja sadržaj, ostavite lajk kao znak podrške! (P.S. - Neće Vas ništa koštati 😉)
.
✍️ Komentarišite Vaša razmišljanja i ideje (Verujte mi, to stvara motivaciju💎)
.
📥 Sačuvajte trebaće Vam kasnije (Ili ćete zaboraviti 🙂)
.
👉➡️ Zaprati: @site_for_night
➡️👉 Zaprati: @site_for_night
👉➡️ Zaprati: @site_for_night
.
.
..
...
....
.....
#ai #programiranje #it #tehnologija #informacioneTehnologije #kodiranje #siteForNight #Učenje #RazvojVeština #CodingLife",0,"10/31/2023 05:10",https://www.instagram.com/p/CzEAAklth7_/,"IG carousel",,"Животни век",1419,1166,9,3,0,76,1,114
18008858897075466,17841449769169171,site_for_night,"TEHNOLOGIJA | PROGRAMIRANJE | IT","🐍 Dobar dan svim Python entuzijastima! 

🌟 Bez obzira na vaš nivo znanja, Python je neverovatan jezik za razvoj projekata. Danas želim da podelim nekoliko ideja koje će zadovoljiti različite veštine i interese. 🐍🤓

Ne zaboravite da prilagodite projekte svojim interesima i učenje Python-a će biti prava zabava! 🚀

Delite svoje projekte i inspirišite druge da se pridruže Python zajednici. 🤗 #PythonProjekti #CodingFun #PythonProgramiranje #programiranje #kodiranje #tehnologija #informacionetehnologije",0,"10/30/2023 08:10",https://www.instagram.com/p/CzB1cnZtjKr/,"IG image",,"Животни век",1219,1147,3,3,0,49,0,52
18007960526042043,17841449769169171,site_for_night,"TEHNOLOGIJA | PROGRAMIRANJE | IT","💲💹💰 20 AI alata za pravljenje uspešnog biznisa. Započnite vaš sporedni posao odmah na neki od 20 različitih načina.

.
AI je budućnost, zapratite @site_for_night da budete uvek korak ispred 📈
.
Koje AI alate Vi koristite? Napišite u komentarima!
.
♥️ Ako Vam se svidja sadržaj, ostavite lajk kao znak podrške! (P.S. - Neće Vas ništa koštati 😉)

✍️ Komentarišite Vaša razmišljanja i ideje (Verujte mi, to stvara motivaciju💎)
.
📥 Sačuvajte trebaće Vam kasnije (Ili ćete zaboraviti 🙂)
.

👉➡️ Zaprati: @site_for_night 
➡️👉 Zaprati: @site_for_night 
👉➡️ Zaprati: @site_for_night 
.
.
..
...
....
.....
#ai #programiranje #it #tehnologija #informacioneTehnologije #kodiranje #siteForNight",0,"10/27/2023 06:10",https://www.instagram.com/p/Cy55GRgtRB5/,"IG carousel",,"Животни век",1294,1051,13,2,0,59,0,152
17977544462371670,17841449769169171,site_for_night,"TEHNOLOGIJA | PROGRAMIRANJE | IT","🖥️💡 Da li birate premium softver za koji morate izdvojiti novac ili ste verni besplatnim alternativama? 🤷‍♂️🆚

🔷 Premium Softver: 💼
Za one koji traže ultimativno iskustvo, premium softver je odgovor. 💎 Nudi napredne funkcije, bržu podršku i dodatnu sigurnost. Ali, dolazi i sa cenom. 💸

🔶 Besplatni Softver: 🆓
Štedljivi korisnici će uživati u besplatnim softverima. 🌟 Dostupni su svima i nude solidne opcije. Samo se pripremite za nešto manje napredne funkcije. 📉

Šta vi preferirate? 💬 Podelite svoje mišljenje i iskustva u komentarima. 👇 #Softver #PremiumVsBesplatno #Dilema #Izbor #TechWorld #siteForNight #programiranje #kodiranje #tehnologija #it #informacioneTehnologije #programi #softver",0,"10/26/2023 04:10",https://www.instagram.com/p/Cy3DY-FNc9P/,"IG carousel",,"Животни век",1337,1053,10,2,0,50,0,85
17959037651676042,17841449769169171,site_for_night,"TEHNOLOGIJA | PROGRAMIRANJE | IT","🚀 Spremni za skok u svet programiranja?

 🖥️🌟 Evo 12 najboljih resursa koji će vam pomoći da se otisnete u ovu neverovatnu avanturu! 🤓💻

1) YouTube kanali 📽 - Pratite kanale poput ""Traversy Media"" i ""The Net Ninja"" za besplatne video lekcije.

2) Sololearn 📚 - Brzo učenje programskih jezika uz interaktivne lekcije, kvizove i zajednicu entuzijasta. Idealno za programere na početku puta!

3) Inprogrammer.com 💻 - Izvanredna kolekcija besplatnih vodiča, tutorijala i resursa za sve nivoe programera. Pogledajte ovu dragocenu biblioteku znanja!

4)Udacity 🎓 - Univerzitetski kursevi na mreži, prilagođeni za sticanje praktičnih veština i sertifikata. Korak napred u vašoj karijeri u tehnologiji!

5) FreeCodeCamp © - Besplatan, open-source kurs sa milionima korisnika.

6) Udemy 🧾 - Veliki izbor kurseva sa povremenim prodajama i sniženjima.

7) Khan Academy 📖 - Besplatne obrazovne lekcije za sve uzraste, uključujući matematiku i računarstvo. Savršeno za sticanje osnovnih veština programiranja.

8) Coursera ♾ - Univerzitetski kursevi iz programiranja i računarstva od najboljih škola širom sveta.

9) Codewars ⚔️ - Igrački pristup učenju programiranja. Rešavajte izazove, napredujte kroz igru i stvarajte svoj put ka programerskom znanju!

10) W3Schools 🏫 - Odličan resurs za učenje web tehnologija, uključujući HTML, CSS i JavaScript.

11) GeeksForGeeks 🤓 - Go-to resurs za programere sa ogromnom bazom članaka i alatima za učenje i rešavanje problema. Pronađite rešenja za sve svoje tehničke dileme.

12) CodeAcademy 📑 - Interaktivne lekcije za učenje raznih jezika, od Pythona do JavaScripta.

Nema više izgovora - svaka od ovih opcija vodi vas korak bliže vašem cilju da postanete vrhunski programer! 🌐

💡 Koji od ovih resursa vam je omiljen? 📚💬

 #UčenjeProgramiranja #Programiranje #RazvojVeština #ITsvet #it #programiranje #kodiranje #siteForNight #tehnologija #informacionetehnologije",0,"10/25/2023 02:10",https://www.instagram.com/p/Cy0S_lpNz8j/,"IG carousel",,"Животни век",1328,979,8,2,0,51,0,100
18002493266147626,17841449769169171,site_for_night,"TEHNOLOGIJA | PROGRAMIRANJE | IT","🚀 Upoznajte najpopularnije programske jezike za 2023. godinu. 

5️⃣ Ovo je pet najpopularnijih programskih jezika koji vladaju svetom razvoja softvera ove godine! 

🔥 Pogledajte ovaj brzi pregled u videu i saznajte koji su to jezici koji će oblikovati budućnost. 💻💡

 #Programiranje #ProgramskiJezici #Tehnologija #Reels #Coding #RazvojSoftvera #informacionetehnologije #it #siteForNight #kodiranje #java #python #javascript #php #csharp",13,"10/24/2023 06:10",https://www.instagram.com/reel/CyyJw1ULp_r/,"IG reel",,"Животни век",1129,826,2,1,993,32,5,18
17992710986338210,17841449769169171,site_for_night,"TEHNOLOGIJA | PROGRAMIRANJE | IT","😲 Vreme je za deljenje sa vama pet neverovatnih web sajtova za koje bih voleo da sam ranije saznao! 😲

💻 Od korisnih alata do inspiracije, ovo su mesta na internetu koja bi mi dosta donela da sam ih ranije otkrio. 

🕵️‍♂️ Swipe desno da otkrijete o čemu se radi!

1️⃣ ScreenShot Guru
2️⃣ Notion
3️⃣ Soapbox
4️⃣ SocialBee
5️⃣ Placeit

Obećavam vam da će vam ovi sajtovi promeniti život na bolje! ✨ 

Koje web stranice su vas oduševile u poslednje vreme? Podelite ih sa mnom u komentarima. 👇 

#WebSajtovi #InternetIznenadjenja #OnlineOtkrića #programiranje #kodiranje #website #top5 #programming #coding #kodiranje #it #informacionetehnologije #tehnologija #sitefornight",0,"10/23/2023 05:10",https://www.instagram.com/p/CyvbHdONHse/,"IG carousel",,"Животни век",1312,971,7,3,0,57,0,129
17976904709549688,17841449769169171,site_for_night,"TEHNOLOGIJA | PROGRAMIRANJE | IT","Dobrodošli u svet veštačke inteligencije! 🤖✨

👨‍💻🤖Danas vam predstavljam neke od najpopularnijih AI alata koji transformišu način na koji radimo i komuniciramo. Verujem da ste svi čuli za ChatGPT i da ga koristite, ali današnje tržište pruža još mnogo toga. 💻

#vestackainteligencija #chatgpt #ai #programiranje #sitefornight #kodiranje #tehnologija",0,"10/22/2023 04:10",https://www.instagram.com/p/CysvGzeNTNL/,"IG image",,"Животни век",1555,1320,7,1,0,50,7,114
18238673530237470,17841449769169171,site_for_night,"TEHNOLOGIJA | PROGRAMIRANJE | IT","🚀 Dobrodošli u budućnost tehnologije! 🌟
U 2023. godini, tehnološki svet je prepun uzbudljivih mogućnosti i perspektiva za karijere. Ako sanjate o radu u jednom od najinovativnijih polja, evo 10 najboljih tehnoloških karijera koje obećavaju!

Nema boljeg trenutka da započnete svoju tehnološku karijeru. Izazovi su ogromni, a nagrade su neizmerne. 🌠
Pratite svoje strasti, učite neprestano i budite spremni za avanturu! 💼💡 #Tehnologija #BudućnostKarijere #Inovacije #ZapočniSada #programiranje #kodiranje #siteForNight #informacionetehnologije",0,"10/20/2023 13:10",https://www.instagram.com/p/Cyol3yKtnmU/,"IG carousel",,"Животни век",1023,753,4,1,0,32,0,29
18001848929146718,17841449769169171,site_for_night,"TEHNOLOGIJA | PROGRAMIRANJE | IT","🔒🌐 Čuvajte svoju privatnost na internetu - Evo nekoliko ključnih saveta! 🕵️‍♂️💻

Sledite ove korake kako biste zaštitili svoju digitalnu privatnost! 🛡️

#PrivatnostNaInternetu #OnlineSigurnost #programiranje #kodiranje #sitefornight #privatnost #tehnologija #informacionetehnologije",0,"10/19/2023 13:10",https://www.instagram.com/p/CymDQDBLiBD/,"IG carousel",,"Животни век",930,669,2,1,0,49,0,39
18001356056136803,17841449769169171,site_for_night,"TEHNOLOGIJA | PROGRAMIRANJE | IT","🐧💻 Zašto programeri vole Linux? 

🤔 To pitanje ima mnogo odgovora, ali u ovom kratkom Reels-u ćemo istražiti nekoliko ključnih razloga! 🚀

Prvo, Linux je slobodan i otvorenog koda, što znači da možete prilagoditi sve kako vam odgovara. 💪 To donosi potpunu kreativnu slobodu programerima!

Linux je takođe poznat po svojoj stabilnosti i pouzdanosti, što je esencijalno za razvoj softvera. 🛠️

Ne zaboravimo ni moćan terminal! 💬 Za programere, ovaj alat je prava riznica i olakšava mnoge zadatke.

Naravno, tu je i ogromna Linux zajednica i beskrajni resursi za podršku. 🌐

Zato, ako ste programer ili razmišljate o tome da postanete jedan, Linux bi mogao biti vaš najbolji saveznik. 👩‍💻👨‍💻

Da li i vi volite Linux? ❤️ Ostavite komentar i podelite svoje razloge! 👇

#Programiranje #Linux #OpenSource #Developeri #SlobodaKoda #Zajednica #programiranje #kodiranje #tehnologija #informacioneTehnologije #sitefornight",62,"10/19/2023 04:10",https://www.instagram.com/reel/Cyk_GI9Lkn3/,"IG reel",,"Животни век",773,559,0,0,664,30,0,10
17976698066377887,17841449769169171,site_for_night,"TEHNOLOGIJA | PROGRAMIRANJE | IT","Python - Univerzalni čarobnjak programiranja! 🐍💻

Dobrodošli u svet Python programiranja, gde su mogućnosti gotovo beskrajne! 🚀 Ovaj jezik nudi elegantnu sintaksu i ogroman ekosistem biblioteka koje će vam pomoći da ostvarite sve svoje zamisli.

💡 Možete se fokusrati na razvoj web aplikacija uz Django radni okvir, analizirati podatke koristeći Pandas biblioteku, razvijati aplikacije za mašinsko učenje i veštačku inteligenciju uz TensorFlow, automatizovati zadatke uz Selenium, i još mnogo toga!

🌐 Python je prisutan u svim sferama, od razvoja softvera i istraživanja do računarstva u oblaku i IoT projekata.

Ako želite da naučite programirati ili ste već iskusni developer, Python je odličan izbor za vas. Podelite Vaše omiljene Python mogućnosti u komentarima i inspirišite druge da se pridruže čarobnom svetu programiranja. 🌟 #PythonProgramming #CodingMagic #ProgrammingWorld #LearnPython #programiranje #sitefornight #kodiranje #informacionetehnologije #tehnologije",0,"10/18/2023 12:10",https://www.instagram.com/p/CyjS3EVNCGz/,"IG carousel",,"Животни век",737,543,1,1,0,29,0,22
17862767589019784,17841449769169171,site_for_night,"TEHNOLOGIJA | PROGRAMIRANJE | IT","Zaronite sa mnom u svet kodiranja! 🖥️❤️ 
U ovom Reels-u, istražujemo razloge zašto programiranje postaje strast za mnoge od nas. Od kreativnih rešenja do rešavanja problema, programiranje je način da oblikujemo budućnost i stvaramo tehnološka čuda. Pogledajte ovaj kratki video da saznate zašto smo zaljubljeni u svet algoritama, linija koda i beskrajnih mogućnosti. 🚀💡
 #Programiranje #Kodiranje #LjubavPremaTehnologiji #informacionetehnologije #sitefornight #it #tehnologija #nauciprogramiranje",36,"10/18/2023 03:10",https://www.instagram.com/reel/CyiYxwEsg1O/,"IG reel",,"Животни век",672,499,3,0,574,18,0,5
18041914534555280,17841449769169171,site_for_night,"TEHNOLOGIJA | PROGRAMIRANJE | IT","🚀 Preuzmi eBook potpuno BESPLATNO! 📚

Dragi pratioci, sa velikim zadovoljstvom želim da podelim sa vama da je eBook ""Kako bih učio programiranje (da počinjem ispočetka)"" gotov! 📖💻

💻U ovom eBook-u ćete pronaći sve korake i savete kako da započnete svoju karijeru u svetu programiranja, bez obzira na vaš trenutni nivo veština. 

💹Od toga kako učiti osnove do pripreme za tehničke intervjue, pokriveno je sve.

👉 Kako doći do svog primerka?
1️⃣ Zaprati @site_for_night profil, ako već nisi.
2️⃣ Pošalji mi svoju email adresu u poruci na instagramu.
3️⃣ U najkraćem roku dobijaš eBook na svoj email! 📧

✨Neka vaša avantura u programiranju počne uz ovaj besplatni eBook. Ne zaboravite da podelite ovu vest sa svojim prijateljima koji takođe žele da započnu svoj put u svetu programiranja. 💪

🌐 Hvala svima na podršci i ne zaboravite da pratite @site_for_night za još korisnih resursa i buduće eBook-ove! 🌟

PS: Na 500 pratilaca ide još jedno iznenadjenje potpuno besplatno! 🆓

#programiranje #kodiranje #sitefornight #informacionetehnologije #tehnologije #giveawaysrbija #it #ebook",0,"10/17/2023 00:10",https://www.instagram.com/p/Cyff6zBN1iI/,"IG image",,"Животни век",1355,1090,17,49,0,69,23,51
18041667925541916,17841449769169171,site_for_night,"TEHNOLOGIJA | PROGRAMIRANJE | IT","""Dobrodošli u svet veštačke inteligencije! 🤖✨
Danas vam predstavjam neke od najpopularnijih AI alata koji transformišu način na koji radimo i komuniciramo. Verujem da ste svi čuli za ChatGPT i da ga koristite, ali današnje tržište pruža još mnogo toga. Listajte i saznajte.🌐 (PART2)

#vestackainteligencija #chatgpt #ai #programiranje #sitefornight #kodiranje #tehnologija",0,"10/16/2023 13:10",https://www.instagram.com/p/CyeSucNNc40/,"IG carousel",,"Животни век",737,559,6,1,0,26,0,59
18041302543534695,17841449769169171,site_for_night,"TEHNOLOGIJA | PROGRAMIRANJE | IT","👾 Razbijanje Lažnih Mitova o Programiranju 👾

🤖🌐 U ovom Reels-u, razbijaćemo neke od najčešćih lažnih mitova koji okružuju ovu fascinantnu oblast!

📌 Mit #1: ""Moraš da budeš dobar matematičar"" - Netačno! Programiranje je veština za koju matematika može biti bitna, ali u većini slučajeva to nije. Znam jako puno ljudi kojima matematika nije jača strana, a postali su jako dobri u struci.

📌 Mit #2: ""Programiranje je samo za mlade ljude"" - Neistina! Postoji jako puno starijih ljudi koji su dobili posao u struci i oborili ovaj mit na ličnom primeru!

📌 Mit #3: ""Moraš poznavati veliki broj programskih jezika"" - Netačno! Na poslu si jako često ograničen na uzak broj programskih jezika u kojima radiš i poznavanje više od toga nije obavezno i čak većina ljudi je usko stručna samo za one jezike koje koriste na poslu.

📌 Mit #4: ""Potrebna ti je fakultetska diploma"" - Daleko od istine! Veliki broj ljudi u industriji ima završenu samo srednju školu, a veliki su stručnjaci i ponekad zaradjuju i više od ljudi sa diplomom sa fakulteta!

📌 Mit #5: ""Moraš da zapamtiš celu sintaksu jezika i sve komande"" - Netačno! Većina stvari se ne zapamti napamet i za dosta stvari se koristi Google ili ChatGPT, čak iako ste to već nekad radili!

Neka ovaj video bude inspiracija svima koji razmišljaju o početku karijere u programiranju i raskrinkavanju tih lažnih verovanja. 👩‍💻👨‍💻

#Programiranje #LažniMitovi #RazvojSoftvera #Programeri #RealnostProgramiranja #Edukacija #Reels #informacionetehnologije #kodiranje #sitefornight",31,"10/16/2023 02:10",https://www.instagram.com/reel/CydHtwEOA2N/,"IG reel",,"Животни век",822,656,3,1,723,32,0,9
17985517274389371,17841449769169171,site_for_night,"TEHNOLOGIJA | PROGRAMIRANJE | IT","📈🔝Još jedna objava sa popularnim pitanjima na tehničkom delu intervjua. 
🙋‍♂️🧑‍💻Sačuvajte, biće vam potrebno!
#intervju #pitanja #pitanjaiodgovori #programiranje #tehnologija #informacionetehnologije #kodiranje #sitefornight",0,"10/15/2023 09:10",https://www.instagram.com/p/CybVA_jI5re/,"IG carousel",,"Животни век",694,544,0,0,0,29,0,23
18018778918798502,17841449769169171,site_for_night,"TEHNOLOGIJA | PROGRAMIRANJE | IT","U ovom kratkom videu otkrivam nekoliko iznenađujućih razloga zašto možda ne biste trebali razmatrati karijeru programera. 😱🤯
Pogledajte video kako biste saznali više o tim razlozima i razmislili o alternativnim putevima u svetu tehnologije! 🖥️📲",48,"10/15/2023 04:10",https://www.instagram.com/reel/CyavAuoICKl/,"IG reel",,"Животни век",899,779,7,5,828,21,0,20
17983485713522900,17841449769169171,site_for_night,"TEHNOLOGIJA | PROGRAMIRANJE | IT","Project IDX je Google-ov novi alat, posebno razvijen za programere. Kao digitalna radionica, omogućava jednostavno stvaranje aplikacija i softvera. 💻🚀 #Google #ProjectIDX #RazvojAplikacija #Programiranje #tehnologija #informacionetehnologije #kodiranje #siteForNight",0,"10/14/2023 10:10",https://www.instagram.com/p/CyYwtD0Izt9/,"IG carousel",,"Животни век",769,595,5,2,0,31,3,26
17957002655664482,17841449769169171,site_for_night,"TEHNOLOGIJA | PROGRAMIRANJE | IT","10 razloga zašto je super biti programer! 🔥💻 
Pogledajte video i otkrijte zašto smo zaljubljeni u ovu struku! 💡 #Programeri #TechLife #programiranje #tehnologija #top10 #desetrazlogaza #informacionetehnologije #sitefornight",35,"10/14/2023 04:10",https://www.instagram.com/reel/CyYK8inIiAE/,"IG reel",,"Животни век",633,517,6,1,572,25,0,10
17976877994362075,17841449769169171,site_for_night,"TEHNOLOGIJA | PROGRAMIRANJE | IT","“Zašto programeri rade noću? 🌙💻 U ovom Reelsu ću vam otkriti razloge zašto mnogi programeri biraju raditi kad svetlo dana izbledi. Pogledajte kako biste saznali kako noćna atmosfera može inspirisati kreativnost i produktivnost kod programera. #Programiranje #NoćniRad #Kreativnost #sitefornight #tehnologija #informacionetehnologije #kodiranje",28,"10/13/2023 10:10",https://www.instagram.com/reel/CyWRsvsIJIH/,"IG reel",,"Животни век",746,611,6,0,688,30,1,22
18014928616742090,17841449769169171,site_for_night,"TEHNOLOGIJA | PROGRAMIRANJE | IT","Želite da dobijete zavidno znanje frontend-a za samo 50 dana? 🚀💻 Ovo nije san, već mogućnost! Sa posvećenošću, strpljenjem i kontinuiranim učenjem, možete naučiti sve što vam je potrebno za izgradnju poprilično dobrih korisničkih interfejsa. ✨🌆 #FrontendMaster #UčenjeNa50Dana #WebDevelopment #NeverStopLearning #programiranje #sitefornight #veb #web #tehnologija #kodiranje #informacionetehnologije",0,"10/13/2023 04:10",https://www.instagram.com/p/CyVn91Tog0w/,"IG carousel",,"Животни век",657,537,12,2,0,32,0,26
17887764317861910,17841449769169171,site_for_night,"TEHNOLOGIJA | PROGRAMIRANJE | IT","""Dobrodošli u svet veštačke inteligencije! 🤖✨
Danas vam predstavjam neke od najpopularnijih AI alata koji transformišu način na koji radimo i komuniciramo. Verujem da ste svi čuli za ChatGPT i da ga koristite, ali današnje tržište pruža još mnogo toga. Listajte i saznajte.🌐

#vestackainteligencija #chatgpt #ai #programiranje #sitefornight #kodiranje #tehnologija",0,"10/12/2023 10:10",https://www.instagram.com/p/CyTnyV3Nmhz/,"IG carousel",,"Животни век",668,534,11,0,0,31,1,55
18007788547991913,17841449769169171,site_for_night,"TEHNOLOGIJA | PROGRAMIRANJE | IT","🚀 Vrste Programiranja! 💻✨

🌟 Kroz ovu brzu vožnju, istražićemo različite vrste programiranja. Od imperativnog do deklarativnog, objektno orijentisano, funkcionalnog, i mnogo više! Pratite me dok skeniramo tajanstvene staze ovih jezika! 🛤️

💡 Koja vrsta programiranja vas najviše zanima? Delite vaše mišljenje u komentarima! ⬇️

#Programiranje #informacionetehnologije #siteForNight #tehnologija #kodiranje #vrsteProgramiranja 📱💬",57,"10/12/2023 03:10",https://www.instagram.com/reel/CyS2SZGLipr/,"IG reel",,"Животни век",551,460,2,0,491,22,1,14
